<?xml version="1.0"?>
<BCHCPOR3DataImport xmlns:xsi="http://www.w3.org/2001/XMLSchema-instance" xsi:noNamespaceSchemaLocation="file://Chcvpfilesvr/Cardiousers/CH205571/XSD/R3DataImport/BCHCPOR3DataImportSpecification.xsd">
	<CaseInfo>
		<HospitalID>1</HospitalID>
		<CathDate>2018-11-28</CathDate>
		<Operator>0123</Operator>
	</CaseInfo>
	<CaseType>
		<PrimaryProcedureCode>1101</PrimaryProcedureCode>
		<SecondaryProcedureCode>2201</SecondaryProcedureCode>
	</CaseType>
	<CaseClinicalInfo>
		<PatientAge>12</PatientAge>
		<PatientAgeType>0</PatientAgeType>
		<PatientSex>1</PatientSex>
		<PatientWeight>6.5</PatientWeight>
		<PatientHeight>1.75</PatientHeight>
		<PatientBSA>12</PatientBSA>
		<STSDiagCode>20</STSDiagCode>
		<PrevCathlast90dInd>0</PrevCathlast90dInd>
		<PrevSurglast90dInd>0</PrevSurglast90dInd>
		<GenSyndromeInd>0</GenSyndromeInd>
		<NonCardiacProbInd>0</NonCardiacProbInd>
		<NonCardiacProbValues>TBD</NonCardiacProbValues>
	</CaseClinicalInfo>
	<CaseProcedureInfo>
		<FluroTime>10</FluroTime>
		<TotalDap>10</TotalDap>
		<SheathCathInDateTime>21:32:52</SheathCathInDateTime>
		<SheathCathOutDateTime>22:02:57</SheathCathOutDateTime>
		<BloodTransfusion>1</BloodTransfusion>
	</CaseProcedureInfo>
	<CaseEOCAdmDisposition>
		<AdmissionSource>1</AdmissionSource>
		<PostCathLocation>PCL01</PostCathLocation>
		<IsUnplannedAdmission>1</IsUnplannedAdmission>
		<AdmitGreaterThan48HrsPriorToCath>0</AdmitGreaterThan48HrsPriorToCath>
		<DischargeGreaterThan48HrsPostCath>0</DischargeGreaterThan48HrsPostCath>
		<IsAliveAtDischarge>1</IsAliveAtDischarge>
	</CaseEOCAdmDisposition>
	<Hemodynamics>
		<SingleVentriclePhysiology>1</SingleVentriclePhysiology>
		<SVEDPGreaterThanOrEqualTo18mmHg>0</SVEDPGreaterThanOrEqualTo18mmHg>
		<MVSatLessThan60Percent>0</MVSatLessThan60Percent>
		<QpQsGreaterThan1Point5>1</QpQsGreaterThan1Point5>
		<SysSatLessThan95Percent>0</SysSatLessThan95Percent>
		<PASysGreaterThanOrEqualTo45mmHg>0</PASysGreaterThanOrEqualTo45mmHg>
		<PVRGreaterThan3WU>1</PVRGreaterThan3WU>
		<SysSatLessThan78Percent>0</SysSatLessThan78Percent>
		<PAMeanLessThanOrEqualTo17mmHg>1</PAMeanLessThanOrEqualTo17mmHg>
		<MVSatLessThan50Percent>0</MVSatLessThan50Percent>
	</Hemodynamics>
	<AdverseEvents>
		<DidAdverseEventOccur>1</DidAdverseEventOccur>
		<MajorAdverseEvent>9001</MajorAdverseEvent>
		<OtherAdverseEventCategory>118</OtherAdverseEventCategory>
		<OtherAdverseEventSubCategory>90</OtherAdverseEventSubCategory>
		<OtherAdverseEvent>1</OtherAdverseEvent>				
		<Seriousness>AES04</Seriousness>
		<EventDescription>Ths is a test description.</EventDescription>	
	</AdverseEvents>	
	<IndicatorOfRequiredResources>
		<AirwayManagementPreProcedure>AM01</AirwayManagementPreProcedure>
		<AirwayManagementProcedure>AM02</AirwayManagementProcedure>
		<AirwayManagementPostProcedure>AM04</AirwayManagementPostProcedure>
		<VentilationPreProcedure>VENT01</VentilationPreProcedure>
		<VentilationProcedure>VENT02</VentilationProcedure>
		<VentilationPostProcedure>VENT01</VentilationPostProcedure>
		<SedationPreProcedure>SED05</SedationPreProcedure>
		<SedationProcedure>SED02</SedationProcedure>
		<SedationPostProcedure>SED05</SedationPostProcedure>
		<LinesPreProcedure>LN02</LinesPreProcedure>
		<LinesProcedure>LN02</LinesProcedure>
		<LinesPostProcedure>LN03</LinesPostProcedure>
		<DrainsPreProcedure>DR02</DrainsPreProcedure>
		<DrainsProcedure>DR02</DrainsProcedure>
		<DrainsPostProcedure>DR02</DrainsPostProcedure>
		<MechanicalSupportPreProcedure>MS02</MechanicalSupportPreProcedure>
		<MechanicalSupportProcedure>MS03</MechanicalSupportProcedure>
		<MechanicalPostProcedure>MS02</MechanicalPostProcedure>
		<IVMedicationsPreProcedure>IVM06</IVMedicationsPreProcedure>
		<IVMedicationsProcedure>IVM05</IVMedicationsProcedure>
		<IVMedicationsPostProcedure>IVM05</IVMedicationsPostProcedure>
		<NursingAssignment>NA01</NursingAssignment>
		<NursingAssignmenLessThan6Hrs>NA02</NursingAssignmenLessThan6Hrs>
		<NursingAssignmentGreaterThan6Hrs>NA02</NursingAssignmentGreaterThan6Hrs>
	</IndicatorOfRequiredResources>
</BCHCPOR3DataImport>
